DROP TABLE IF EXISTS `DEPARTMENT`;
CREATE TABLE `DEPARTMENT` (
  `Department_ID` int(10) unsigned NOT NULL AUTO_INCREMENT,
  `Name` varchar(100) DEFAULT NULL,
  `Location_ID` int(10) unsigned DEFAULT NULL,
  PRIMARY KEY (`Department_ID`)
)

INSERT INTO `DEPARTMENT` VALUES (10,'ACCOUNTING',122),(20,'RESEARCH',124),(30,'SALES',123),(40,'OPERATIONS',167);

DROP TABLE IF EXISTS `EMPLOYEE`;
CREATE TABLE `EMPLOYEE` (
  `EMPLOYEE_ID` int(10) unsigned NOT NULL AUTO_INCREMENT,
  `LAST_NAME` varchar(100) DEFAULT NULL,
  `FIRST_NAME` varchar(100) DEFAULT NULL,
  `MIDDLE_NAME` varchar(100) DEFAULT NULL,
  `JOB_ID` int(10) unsigned DEFAULT NULL,
  `MANAGER_ID` int(10) unsigned DEFAULT NULL,
  `HIREDATE` varchar(100) DEFAULT NULL,
  `SALARY` int(11) DEFAULT NULL,
  `COMM` int(11) DEFAULT NULL,
  `DEPARTMENT_ID` int(10) unsigned DEFAULT NULL,
  PRIMARY KEY (`EMPLOYEE_ID`)
)

INSERT INTO `EMPLOYEE` VALUES (7369,'SMITH','JOHN','Q',667,7902,'17-DEC-84',800,NULL,20),(7499,'ALLEN','KEVIN','J',670,7698,'20-FEB-85',1600,300,30),(7505,'DOYLE','JEAN','K',671,7839,'04-APR-85',2850,NULL,30),(7506,'DENNIS','LYNN','S',671,7839,'15-MAY-85',2750,NULL,30),(7507,'BAKER','LESLIE','D',671,7839,'10-JUN-85',2200,NULL,40),(7521,'WARK','CYNTHIA','D',670,7698,'22-FEB-85',1250,500,30);

DROP TABLE IF EXISTS `JOB`;
CREATE TABLE `JOB` (
  `Job_ID` int(10) unsigned NOT NULL AUTO_INCREMENT,
  `Function` varchar(100) DEFAULT NULL,
  PRIMARY KEY (`Job_ID`)
)

INSERT INTO `JOB` VALUES (667,'CLERK'),(668,'STAFF'),(669,'ANALYST'),(670,'SALESPERSON'),(671,'MANAGER'),(672,'PRESIDENT');

DROP TABLE IF EXISTS `LOCATION`;
CREATE TABLE `LOCATION` (
  `Location_ID` int(10) unsigned NOT NULL AUTO_INCREMENT,
  `Regional_Group` varchar(100) DEFAULT NULL,
  PRIMARY KEY (`Location_ID`)
)

INSERT INTO `LOCATION` VALUES (122,'NEW YORK'),(123,'DALLAS'),(124,'CHICAGO'),(167,'BOSTON');